scenario,seed,allocator,task_completion_rate,mean_completion_time,system_throughput,mean_amv_availability,fault_impact_score,deadlock_frequency,mean_packet_loss_rate,energy_efficiency,convergence_rate,connectivity_maintenance,physics_impact_on_faults,thermocline_crossing_penalty,congestion_drop_rate,stalled_amv_timesteps,mean_task_delay,max_task_delay,never_completed_tasks
none,42,auction,0.8666666666666667,159.3846153846154,0.026,0.40278845509933153,0.5496,0.6,0.3515912535180775,23.230505420573504,1.614678899082569,0.922,-0.6443691480686079,0.4189218445550985,0.05953669625460056,0,59.733333333333334,256.0,2
none,100,auction,0.9333333333333333,147.5,0.028,0.3905549117371146,0.4124,0.2,0.3181362725450902,23.603436492453536,1.3981481481481481,0.862,0.3471934901329562,0.34393787575150303,0.04809619238476954,0,71.26666666666667,178.0,1
none,2023,auction,0.9333333333333333,160.71428571428572,0.028,0.38001672654534047,0.5804,0.8,0.33221052631578946,22.698685646621055,1.5272727272727273,0.922,-0.41554868666144434,0.42189473684210527,0.045263157894736845,0,51.4,129.0,1
none,888,auction,1.0,96.33333333333333,0.03,0.5742379501693176,0.37971014492753624,0.2,0.3197278911564626,11.06872460934297,1.5873015873015872,0.927536231884058,0.6352794424102955,0.3125250100040016,0.05922368947579031,0,53.4,148.0,0
none,9999,auction,0.6666666666666666,171.1,0.02,0.3810716686068485,0.3804,0.0,0.3275891197837473,30.329593480459767,1.9636363636363636,1.0,-0.7982144678304601,0.19614799797263052,0.11674269302247,0,35.06666666666667,116.0,5
none,10,auction,0.8,271.1666666666667,0.024,0.36500196253395983,0.4768,0.0,0.2945765937202664,27.24755494828221,1.4537037037037037,0.94,-0.39561267764276825,0.41731684110371076,0.06660323501427212,0,34.0,90.0,3
none,20,auction,0.9333333333333333,120.71428571428571,0.028,0.4807632866876627,0.3288,0.6,0.31829066126358446,19.99664480804992,1.6,1.0,0.5807263927843469,0.30097623871799595,0.06262663473936268,0,70.53333333333333,288.0,1
none,30,auction,0.7333333333333333,188.0909090909091,0.022,0.40496307068540593,0.4612,0.0,0.314328743545611,32.093505588442824,1.9189189189189189,0.7,-0.7224563593785639,0.4023235800344234,0.11854561101549053,0,44.6,88.0,4
none,40,auction,0.8666666666666667,139.53846153846155,0.026,0.3889605668078356,0.4496,0.6,0.3498561628678911,26.707029034456404,1.7889908256880733,1.0,-0.2666333723034648,0.32529320646160653,0.08143394556317769,0,46.8,153.0,2
none,50,auction,0.9333333333333333,181.57142857142858,0.028,0.43313416479819333,0.4288,0.2,0.26908889708594613,24.464313401289665,1.6160714285714286,0.842,-0.5624670603478378,0.30745112504610844,0.083364072298045,0,45.0,105.0,1
none,60,auction,0.9333333333333333,102.57142857142857,0.028,0.39567677517407773,0.5136,1.4000000000000001,0.33765165535677566,19.590552655992663,1.6,0.902,0.8412471908221992,0.4192885050380424,0.06559736787990952,0,56.0,240.0,1
none,70,auction,0.9333333333333333,134.0,0.028,0.4797596681486537,0.4496,0.4,0.33319397993311034,19.997814954643253,1.509090909090909,0.982,-0.764325405532048,0.3363294314381271,0.05560200668896321,0,67.33333333333333,217.0,1
none,80,auction,0.9333333333333333,180.78571428571428,0.028,0.39933177721601,0.4812,0.0,0.312372634643377,20.520294136279006,1.736842105263158,0.54,0.009550402106720085,0.23056768558951965,0.06870451237263464,0,48.93333333333333,139.0,1
none,90,auction,1.0,126.93333333333334,0.03,0.5624128871774315,0.3706422018348624,0.2,0.3085057471264368,13.35617159337836,1.2564102564102564,1.0,-0.37604379109628505,0.3604597701149425,0.02160919540229885,0,67.8,185.0,0
none,1000,auction,0.7333333333333333,135.45454545454547,0.022,0.3844535695009933,0.3612,0.0,0.29188818384496656,29.60164665056003,1.809090909090909,1.0,-0.4757954771993559,0.16155033441948208,0.11147316069284857,0,41.06666666666667,129.0,4
amv_loss,42,auction,0.8666666666666667,168.69230769230768,0.026,0.3340424761255083,0.4288,0.6,0.36846473029045645,27.725752696527216,1.5363636363636364,0.662,0.31327335886982255,0.5006915629322268,0.049515905947441215,0,42.13333333333333,173.0,2
amv_loss,100,auction,1.0,180.93333333333334,0.03,0.31102874262397623,0.497489539748954,0.2,0.2948645598194131,24.2619874841024,1.25,0.8158995815899581,0.7759683140566049,0.35835214446952596,0.022855530474040632,0,59.53333333333333,160.0,0
amv_loss,2023,auction,0.8,148.58333333333334,0.024,0.30313848857470277,0.496,0.8,0.3331573389651531,33.0052972853564,1.4036697247706422,0.922,-0.6902115850191322,0.44825765575501586,0.03695881731784583,0,40.93333333333333,96.0,3
amv_loss,888,auction,1.0,103.0,0.03,0.4401614368435165,0.41456953642384103,0.4,0.31979127841967947,20.145757906092573,1.5522388059701493,0.9337748344370861,0.5630448244690813,0.35519940365262764,0.0506895266492732,0,57.53333333333333,208.0,0
amv_loss,9999,auction,0.6666666666666666,166.0,0.02,0.2867307210659782,0.482,0.2,0.3490763664063988,35.85752830929096,1.8611111111111112,1.0,0.16381582315147056,0.42391925347552845,0.07655684631498762,0,33.333333333333336,100.0,5
amv_loss,10,auction,0.8,250.91666666666666,0.024,0.3278414785377472,0.3524,0.2,0.24769136055817773,31.084548182954535,1.205607476635514,0.94,0.5598735726729619,0.47014159655243176,0.025856761748409604,0,40.0,81.0,3
amv_loss,20,auction,1.0,135.33333333333334,0.03,0.4468141420741408,0.4126436781609195,0.2,0.2806026365348399,21.416759308062034,1.3614457831325302,1.0,0.007773531468850608,0.19177652228499686,0.044569993722536096,0,51.53333333333333,99.0,0
amv_loss,30,auction,0.8,176.5,0.024,0.3284661963861271,0.4972,0.4,0.3327317843446876,32.70974528174192,1.481818181818182,0.922,0.24596540944079345,0.3794270245883149,0.06586961425671103,0,42.2,105.0,3
amv_loss,40,auction,0.8,146.08333333333334,0.024,0.3230598424120916,0.4932,0.6,0.33562035448827904,30.8249403821914,1.794392523364486,1.0,0.8817632999582521,0.49132837812083097,0.06041547550981513,0,38.93333333333333,89.0,3
amv_loss,50,auction,0.8666666666666667,161.07692307692307,0.026,0.34925211312652793,0.448,0.2,0.25402252614641996,30.712599303835304,1.4324324324324325,0.842,0.21739927978786444,0.3905872888173773,0.04806918744971842,0,44.6,149.0,2
amv_loss,60,auction,1.0,127.13333333333334,0.03,0.332473701450909,0.4883495145631068,0.6,0.33281653746770024,23.60513759737687,1.627659574468085,0.8810679611650486,-0.6512617623194008,0.39354005167958656,0.08010335917312661,0,40.8,138.0,0
amv_loss,70,auction,0.9333333333333333,164.21428571428572,0.028,0.36041972229309915,0.4928,0.6,0.2747869465807524,26.846953746190184,1.2818181818181817,0.982,-0.28655492833660284,0.3554354604032426,0.03180212014134275,0,53.8,140.0,1
amv_loss,80,auction,0.7333333333333333,150.72727272727272,0.022,0.32568182085038017,0.4132,0.4,0.30261309356560834,32.047150161087906,1.2962962962962963,0.822,-0.5128447991483109,0.35656083169429614,0.025849957853329587,0,36.733333333333334,90.0,4
amv_loss,90,auction,1.0,163.4,0.03,0.39616215734848115,0.32674698795180723,0.4,0.29402466013278533,24.980662192363198,1.4408602150537635,1.0,0.09415695986743558,0.38159974707556116,0.03066708820739804,0,70.33333333333333,152.0,0
amv_loss,1000,auction,0.7333333333333333,160.9090909090909,0.022,0.30404464134915554,0.4808,0.8,0.25785461981781,34.01175419861379,1.8037383177570094,1.0,-0.9537273335082516,0.13366796802379624,0.07176055028815766,0,29.866666666666667,119.0,4
comm_blackout,42,auction,0.9333333333333333,170.0,0.028,0.44924933096856756,0.3492,0.4,0.5219269820695615,20.743212053075233,1.7747747747747749,0.62,-0.0530700612293875,0.34975156621300496,0.07107366601857852,0,54.4,176.0,1
comm_blackout,100,auction,1.0,159.93333333333334,0.03,0.4592907694936073,0.46094182825484764,0.0,0.6153846153846154,18.18943928431698,1.5769230769230769,0.3296398891966759,0.15665846819567975,0.3588614029142663,0.05489664520501525,0,66.8,171.0,0
comm_blackout,2023,auction,0.8666666666666667,154.69230769230768,0.026,0.38955065964348407,0.524,1.0,0.4951681484344801,25.071953461921687,1.614678899082569,0.62,0.08612710770048446,0.4694626981059142,0.051797448782373405,0,44.53333333333333,145.0,2
comm_blackout,888,auction,1.0,93.93333333333334,0.03,0.5928943302070826,0.37583333333333335,0.0,0.6613449443638123,10.066687996545047,1.5892857142857142,0.5375,0.8422075901419515,0.38800193517174647,0.06966618287373004,0,51.53333333333333,131.0,0
comm_blackout,9999,auction,0.6666666666666666,153.5,0.02,0.381803176833035,0.4372,0.0,0.5267425810904072,28.21441235420328,1.7545454545454546,0.698,0.5206369513143267,0.4530710835058661,0.12198067632850242,0,30.2,70.0,5
comm_blackout,10,auction,0.7333333333333333,250.45454545454547,0.022,0.37838245974110046,0.4048,0.4,0.4385996090279012,30.013925915152424,1.691588785046729,0.638,-0.3754293385595187,0.3490314554824951,0.07481784254487293,0,35.733333333333334,82.0,4
comm_blackout,20,auction,0.9333333333333333,120.28571428571429,0.028,0.46935289987839923,0.3884,0.6,0.5000907605736068,20.29249543514799,1.6216216216216217,0.698,0.027710440598684355,0.25993828280994735,0.06371392267199129,0,70.2,289.0,1
comm_blackout,30,auction,0.6666666666666666,148.7,0.02,0.40642157021516656,0.4976,0.0,0.5495945102932003,32.06659029103058,2.0091743119266057,0.318,0.0987899992580318,0.38947806196714496,0.11998336452484924,0,38.06666666666667,86.0,5
comm_blackout,40,auction,0.9333333333333333,159.0,0.028,0.3920930538520701,0.4084,0.0,0.561090458488228,25.18091212513525,1.7876106194690264,0.416,0.5126651238783191,0.3660470879801735,0.08897149938042132,0,47.666666666666664,179.0,1
comm_blackout,50,auction,0.9333333333333333,175.5,0.028,0.413952467147255,0.4924,0.8,0.48388899236356864,25.070106323930286,1.644859813084112,0.54,-0.3855720714099664,0.47383125349227045,0.06463028496926802,0,50.0,106.0,1
comm_blackout,60,auction,1.0,113.0,0.03,0.4605625130486427,0.5418060200668896,0.0,0.6448275862068965,14.078240695724086,1.6027397260273972,0.33444816053511706,-0.050233160523898944,0.4272030651340996,0.08160919540229886,0,44.46666666666667,123.0,0
comm_blackout,70,auction,1.0,163.53333333333333,0.03,0.4989048182217177,0.4447963800904977,0.4,0.5486208508648901,18.918379401260953,1.6145833333333333,0.6380090497737556,0.05218869912689293,0.3599812996727443,0.05236091631603553,0,67.46666666666667,194.0,0
comm_blackout,80,auction,0.9333333333333333,161.35714285714286,0.028,0.4177997843821904,0.3612,0.2,0.517950123321458,20.567923350498614,1.4035087719298245,0.52,0.28841186068520364,0.23595505617977527,0.03535215127432173,0,49.4,130.0,1
comm_blackout,90,auction,1.0,128.13333333333333,0.03,0.5502593781518764,0.4258064516129032,0.0,0.5313472654513117,13.77135440356584,1.3170731707317074,0.5571847507331378,-0.019987332909682774,0.34948866162738995,0.035126722987994664,0,69.53333333333333,187.0,0
comm_blackout,1000,auction,0.8,158.58333333333334,0.024,0.36076953935562317,0.5364,0.4,0.47667688117126317,26.912855823669563,1.853211009174312,0.698,-0.2978969050542513,0.11338100102145046,0.10401770514130065,0,41.53333333333333,129.0,3
mass_fault,42,auction,0.7333333333333333,134.0,0.022,0.32644853109319993,0.6532,0.6,0.3455650607834309,24.161564058395467,1.3796296296296295,0.922,0.821236364143644,0.37685727149932463,0.060783430886987844,0,32.733333333333334,67.0,4
mass_fault,100,auction,0.8,133.5,0.024,0.29853156268250025,0.6972,1.2,0.276266137040715,25.602887161236637,1.4705882352941178,0.78,-0.4255478803103751,0.36305858987090367,0.050248262164846076,0,51.266666666666666,150.0,3
mass_fault,2023,auction,0.8,141.75,0.024,0.30711245401344406,0.6736,0.6,0.2940584088620342,28.60689067432409,1.4,0.922,0.5138253732011683,0.4217522658610272,0.05861027190332326,0,46.46666666666667,132.0,3
mass_fault,888,auction,1.0,95.2,0.03,0.5102255141912388,0.5140495867768595,0.0,0.3587939698492462,10.09809911738277,1.5087719298245614,0.9173553719008265,0.3439700063112851,0.38894472361809046,0.04924623115577889,0,51.46666666666667,148.0,0
mass_fault,9999,auction,0.5333333333333333,134.5,0.016,0.27924523360535347,0.6256,1.7999999999999998,0.35383696625858463,51.03526503878997,2.023121387283237,1.0,-0.5582670441936273,0.46058524932815764,0.08748880262765005,0,43.666666666666664,183.0,7
mass_fault,10,auction,0.4,175.0,0.012,0.29012733007335273,0.6216,3.5999999999999996,0.23801675594011812,69.2055673702459,1.920731707317073,0.94,0.34120290216685056,0.3919791237467381,0.05686032138442522,0,41.13333333333333,125.0,9
mass_fault,20,auction,1.0,144.6,0.03,0.4283351471584922,0.5781333333333334,0.0,0.2554640931024695,13.470284877777145,1.2696629213483146,1.0,-0.4709559869349503,0.1521430598921374,0.03633267101901788,0,46.6,90.0,0
mass_fault,30,auction,0.5333333333333333,101.875,0.016,0.3104281849291965,0.6532,1.7999999999999998,0.3238175202910719,53.57364152340979,1.9751552795031055,0.982,-0.46174752115643525,0.4643157010915197,0.09627763783935069,0,49.13333333333333,156.0,7
mass_fault,40,auction,0.6666666666666666,97.8,0.02,0.27860805454389076,0.742,1.7999999999999998,0.3578069894196858,40.454206227576705,1.8380281690140845,1.0,0.21040952018510883,0.4315485732606605,0.08592497595383136,0,37.86666666666667,147.0,5
mass_fault,50,auction,0.7333333333333333,128.0909090909091,0.022,0.3173850357820964,0.7096,1.4000000000000001,0.31982729990036535,34.330490934958455,1.736,0.842,0.48457412204075095,0.4603121886416473,0.09166389903686482,0,40.8,148.0,4
mass_fault,60,auction,0.9333333333333333,113.57142857142857,0.028,0.28783893775039876,0.6976,0.4,0.30936960276338515,20.993000983569214,1.6991150442477876,0.902,-0.19035217323821121,0.31390328151986185,0.08419689119170984,0,37.13333333333333,149.0,1
mass_fault,70,auction,0.7333333333333333,96.9090909090909,0.022,0.3434708673333509,0.7452,0.6,0.26420181012901983,23.698146617227064,1.3177570093457944,0.982,0.16886767722274723,0.3624109378008858,0.06335451569420374,0,38.53333333333333,123.0,4
mass_fault,80,auction,0.6666666666666666,150.9,0.02,0.29918765868940894,0.6456,0.8,0.3498176845943482,35.77398866587459,1.5819672131147542,0.822,-0.109864560367717,0.19690063810391978,0.09252506836827712,0,45.733333333333334,180.0,5
mass_fault,90,auction,0.8,117.66666666666667,0.024,0.3240315338867894,0.682,1.0,0.31059356966199503,28.762070731188384,1.5912408759124088,1.0,0.5156143981664367,0.2722588623248145,0.06471558120362737,0,71.2,288.0,3
mass_fault,1000,auction,0.6,116.55555555555556,0.018,0.28078591491455,0.6372,2.0,0.2749532127261385,46.867030653087845,1.9137931034482758,1.0,-0.7623065724764607,0.15829694323144106,0.08359326263256395,0,44.0,187.0,6
none,42,cbba,1.0,157.0,0.03,0.48529125428736947,0.3872146118721461,0.0,0.5351089588377724,16.4023203254595,1.7339449541284404,0.819634703196347,0.685625447887514,0.3058918482647296,0.11057304277643261,90,67.33333333333333,271.0,0
none,100,cbba,0.8,97.0,0.024,0.444090122370691,0.4688,0.0,0.5507448789571695,19.75545857554229,1.4333333333333333,0.682,0.2725567417523829,0.37243947858473,0.07635009310986965,647,105.73333333333333,391.0,3
none,2023,cbba,0.8666666666666667,155.0,0.026,0.4737566665711092,0.5204,0.0,0.6362375138734739,17.833087620115315,2.0483870967741935,0.982,-0.16167213572050662,0.4034406215316315,0.15871254162042175,305,84.4,301.0,2
none,888,cbba,0.9333333333333333,131.92857142857142,0.028,0.48088380294271027,0.3484,0.0,0.5199594046008119,17.14987362823643,1.5327868852459017,0.92,-0.8445756228565352,0.40730717185385656,0.08254397834912043,286,92.6,331.0,1
none,9999,cbba,0.8666666666666667,140.69230769230768,0.026,0.399628626739688,0.5324,0.0,0.5815191098209966,19.091963996361127,1.984375,1.0,-0.2507981621033563,0.39090469279148526,0.14465408805031446,436,98.0,361.0,2
none,10,cbba,0.9333333333333333,197.0,0.028,0.4144916978473048,0.4604,0.0,0.5825301204819278,17.011231954948872,1.7377049180327868,0.98,0.13200765073222945,0.24156626506024095,0.1493975903614458,316,92.53333333333333,295.0,1
none,20,cbba,0.9333333333333333,158.85714285714286,0.028,0.45593827919606283,0.422,0.0,0.5675122749590835,18.248138221485878,1.5083333333333333,0.76,-0.7752638108617177,0.32978723404255317,0.09656301145662848,297,77.6,271.0,1
none,30,cbba,1.0,148.8,0.03,0.6115163293072361,0.2857142857142857,0.0,0.5405742821473158,12.212966662144021,1.4197530864197532,0.8814589665653495,-0.5727199734488919,0.2671660424469413,0.08364544319600499,0,61.333333333333336,159.0,0
none,40,cbba,0.9333333333333333,200.85714285714286,0.028,0.4190712289404635,0.5376,0.0,0.5826693227091634,20.418650963646904,1.937007874015748,0.84,0.6625779740020888,0.3293492695883134,0.1387782204515272,246,79.8,181.0,1
none,50,cbba,1.0,116.2,0.03,0.600041383665025,0.40337552742616034,0.0,0.543656207366985,9.871746882233484,1.875,0.5822784810126582,0.5417394803327892,0.23328785811732605,0.12141882673942701,7,48.333333333333336,129.0,0
none,60,cbba,0.8666666666666667,116.0,0.026,0.44477631880754914,0.4216,0.0,0.5910942956926659,18.351392242184183,1.6833333333333333,0.962,-0.3196965789845157,0.3853317811408615,0.1362048894062864,494,97.53333333333333,424.0,2
none,70,cbba,1.0,134.06666666666666,0.03,0.6314019562263792,0.37985611510791367,0.0,0.5269736842105263,10.31253192746444,1.7162162162162162,0.8237410071942446,0.2435467536476883,0.04342105263157895,0.12368421052631579,1,52.0,207.0,0
none,80,cbba,0.9333333333333333,140.07142857142858,0.028,0.42451767198927653,0.5092,0.0,0.5044523597506678,16.428949676763533,1.4666666666666666,0.702,-0.33971255706865133,0.28495102404274264,0.07658058771148708,236,68.8,333.0,1
none,90,cbba,0.9333333333333333,130.71428571428572,0.028,0.500701898969835,0.4572,0.0,0.5603140613847252,15.14468662250364,1.6825396825396826,0.88,-0.6485490839587337,0.33547466095645967,0.10206995003568879,181,63.46666666666667,331.0,1
none,1000,cbba,0.9333333333333333,183.28571428571428,0.028,0.39785757272779865,0.562,0.0,0.5743380855397149,19.79957188770323,1.7073170731707317,0.48,0.09459149370519039,0.23217922606924643,0.13136456211812628,175,79.73333333333333,291.0,1
amv_loss,42,cbba,0.8666666666666667,130.69230769230768,0.026,0.3224525253175417,0.5768,0.0,0.5531482735274205,25.389601151165543,1.75,0.982,-0.15787127451644506,0.35003385240352064,0.1035883547731889,220,72.86666666666666,230.0,2
amv_loss,100,cbba,0.9333333333333333,122.42857142857143,0.028,0.3451725066142731,0.5324,0.0,0.5568039950062422,23.333346478901486,1.2416666666666667,0.582,0.10641785428920125,0.5767790262172284,0.01373283395755306,201,68.26666666666667,293.0,1
amv_loss,2023,cbba,1.0,193.53333333333333,0.03,0.3743731968302399,0.5403050108932462,0.0,0.6409505208333334,21.470924426362114,1.9649122807017543,0.9803921568627451,0.6814144619546039,0.3391927083333333,0.16927083333333334,5,54.93333333333333,174.0,0
amv_loss,888,cbba,0.9333333333333333,139.0,0.028,0.3295021770821916,0.4684,0.0,0.5596610169491525,25.299806452227706,1.5609756097560976,0.92,-0.21511565883284325,0.4386440677966102,0.08949152542372882,90,73.2,161.0,1
amv_loss,9999,cbba,0.8666666666666667,171.69230769230768,0.026,0.3303675071248548,0.5128,0.0,0.5517955801104972,23.734861738966174,1.5819672131147542,1.0,0.34382875953284836,0.2866022099447514,0.12016574585635359,476,86.93333333333334,336.0,2
amv_loss,10,cbba,0.9333333333333333,175.78571428571428,0.028,0.3051279640024514,0.4932,0.0,0.5511049723756906,25.2211654539143,1.752,0.96,0.8918291079323588,0.2883977900552486,0.14972375690607734,16,66.6,170.0,1
amv_loss,20,cbba,0.8666666666666667,178.30769230769232,0.026,0.34905918965602184,0.4892,0.0,0.5891003460207612,26.318703764450404,1.5333333333333334,0.74,0.054643879903048614,0.3209342560553633,0.11937716262975778,297,93.06666666666666,270.0,2
amv_loss,30,cbba,1.0,158.53333333333333,0.03,0.48081533874152144,0.36363636363636365,0.0,0.544955044955045,21.280870736001354,1.4941176470588236,0.8856304985337243,-0.614342091320938,0.21978021978021978,0.08491508491508491,0,60.93333333333333,177.0,0
amv_loss,40,cbba,0.8666666666666667,182.15384615384616,0.026,0.32123275876472407,0.6488,0.0,0.6050257731958762,26.606180617107082,1.935483870967742,0.94,0.8529736651764435,0.3228092783505155,0.15141752577319587,136,65.93333333333334,280.0,2
amv_loss,50,cbba,1.0,141.26666666666668,0.03,0.40964554594244434,0.5043243243243243,0.0,0.5390161153519932,21.632731598023113,1.7872340425531914,0.7324324324324324,-0.758286756471568,0.3299406276505513,0.10941475826972011,27,59.4,128.0,0
amv_loss,60,cbba,0.8666666666666667,127.92307692307692,0.026,0.3217948170223137,0.4976,0.0,0.5900523560209424,23.914755336109142,1.7886178861788617,0.962,-0.945594442522846,0.34450261780104713,0.13298429319371727,354,83.86666666666666,344.0,2
amv_loss,70,cbba,0.8666666666666667,126.76923076923077,0.026,0.4039892939397148,0.3976,0.0,0.5261461318051576,27.933672568364628,1.6083333333333334,0.902,0.5053355014734039,0.21991404011461319,0.09025787965616046,292,79.13333333333334,240.0,2
amv_loss,80,cbba,0.9333333333333333,171.28571428571428,0.028,0.3262663991645809,0.4852,0.0,0.536150234741784,23.55122435986434,1.540983606557377,0.702,0.215366340946816,0.3586854460093897,0.08450704225352113,221,72.6,305.0,1
amv_loss,90,cbba,0.9333333333333333,170.42857142857142,0.028,0.34097074229040436,0.5332,0.0,0.5703075957313245,23.38152676191171,1.935483870967742,0.88,-0.7031264524603771,0.290646578782172,0.13308223477715003,106,60.2,203.0,1
amv_loss,1000,cbba,0.8,184.91666666666666,0.024,0.30996915072858666,0.56,0.0,0.5927734375,29.925100501674603,1.7118644067796611,0.42,0.748919729359045,0.2724609375,0.1298828125,386,86.8,274.0,3
comm_blackout,42,cbba,0.8666666666666667,115.07692307692308,0.026,0.45626622188331,0.4648,0.0,0.5898345153664303,18.39135662498832,1.6050420168067228,0.68,0.2766077355374887,0.2986603624901497,0.08274231678486997,357,72.13333333333334,351.0,2
comm_blackout,100,cbba,0.8666666666666667,118.6923076923077,0.026,0.41940967666271334,0.4964,0.0,0.6386597938144329,21.380375261184067,1.3278688524590163,0.48,0.13523767289483044,0.4463917525773196,0.0577319587628866,321,94.93333333333334,363.0,2
comm_blackout,2023,cbba,0.9333333333333333,179.57142857142858,0.028,0.4436714927461596,0.5124,0.0,0.6849002849002849,18.160932123808553,1.848,0.68,0.5222743464159697,0.3247863247863248,0.13105413105413105,347,77.93333333333334,360.0,1
comm_blackout,888,cbba,0.9333333333333333,128.71428571428572,0.028,0.4601113525420711,0.4568,0.0,0.6438301282051282,16.96919121957901,1.3898305084745763,0.618,0.9819222945597305,0.4407051282051282,0.041666666666666664,291,90.93333333333334,331.0,1
comm_blackout,9999,cbba,1.0,150.53333333333333,0.03,0.4785652535312178,0.48488745980707393,0.0,0.6757779646761984,13.881788618233736,1.8452380952380953,0.5144694533762058,0.4380875424659768,0.38519764507989906,0.1295206055508831,0,56.13333333333333,134.0,0
comm_blackout,10,cbba,0.9333333333333333,169.85714285714286,0.028,0.4187863022120334,0.4088,0.0,0.6380407124681934,19.42423582491637,1.6504065040650406,0.678,0.28098079967222317,0.20419847328244276,0.13549618320610687,112,88.93333333333334,321.0,1
comm_blackout,20,cbba,0.9333333333333333,158.85714285714286,0.028,0.45593827919606283,0.422,0.0,0.6317512274959084,18.248138221485878,1.5083333333333333,0.698,-0.7752638108617177,0.32978723404255317,0.09656301145662848,297,77.6,271.0,1
comm_blackout,30,cbba,1.0,148.8,0.03,0.6115163293072361,0.2857142857142857,0.0,0.6903870162297129,12.212966662144021,1.4197530864197532,0.42249240121580545,-0.5727199734488919,0.2671660424469413,0.08364544319600499,0,61.333333333333336,159.0,0
comm_blackout,40,cbba,0.9333333333333333,184.0,0.028,0.4379942283317541,0.4848,0.0,0.6403249630723782,18.64499944788734,1.814516129032258,0.6,0.21331176209540825,0.2799113737075332,0.13515509601181683,131,73.6,231.0,1
comm_blackout,50,cbba,1.0,116.2,0.03,0.600041383665025,0.40337552742616034,0.0,0.6227830832196453,9.871746882233484,1.875,0.2109704641350211,0.5417394803327892,0.23328785811732605,0.12141882673942701,7,48.333333333333336,129.0,0
comm_blackout,60,cbba,0.8,107.5,0.024,0.43009864311248447,0.4648,0.0,0.6915451895043732,19.938648292350745,1.725,0.66,-0.12666468639194167,0.30145772594752185,0.11836734693877551,684,115.73333333333333,414.0,3
comm_blackout,70,cbba,1.0,134.06666666666666,0.03,0.6314019562263792,0.37985611510791367,0.0,0.6506578947368421,10.31253192746444,1.7162162162162162,0.3597122302158273,0.2435467536476883,0.04342105263157895,0.12368421052631579,1,52.0,207.0,0
comm_blackout,80,cbba,0.9333333333333333,143.5,0.028,0.4161590185755337,0.5372,0.0,0.6437246963562753,16.673876491259588,1.3688524590163935,0.4,-0.9703648939561165,0.3390688259109312,0.029352226720647773,275,71.0,333.0,1
comm_blackout,90,cbba,1.0,136.53333333333333,0.03,0.5594781496238594,0.5011857707509881,0.0,0.6907744874715261,10.043963483717143,2.136986301369863,0.391304347826087,0.0873188911864615,0.2061503416856492,0.1366742596810934,3,44.333333333333336,117.0,0
comm_blackout,1000,cbba,0.8,155.91666666666666,0.024,0.40450854836658734,0.5976,0.0,0.619254119687771,20.746733987238276,1.7768595041322315,0.578,-0.5145237697411063,0.21162185602775369,0.10407632263660017,262,80.53333333333333,211.0,3
mass_fault,42,cbba,0.8666666666666667,147.76923076923077,0.026,0.3549304273213426,0.6576,0.0,0.5753856942496494,14.875245912607689,1.7377049180327868,0.982,0.42475313587235985,0.3155680224403927,0.09747545582047686,321,72.6,270.0,2
mass_fault,100,cbba,0.9333333333333333,135.71428571428572,0.028,0.3524727659682159,0.6412,0.0,0.5692963752665245,16.81563222372907,1.2016806722689075,0.182,0.2844186503513976,0.5735607675906184,0.01279317697228145,110,62.666666666666664,161.0,1
mass_fault,2023,cbba,0.9333333333333333,204.5,0.028,0.3432827511776061,0.7292,0.0,0.6416167664670659,16.269974935068976,1.9919354838709677,0.922,0.4832205950491396,0.3251497005988024,0.1658682634730539,96,61.8,126.0,1
mass_fault,888,cbba,0.8666666666666667,141.30769230769232,0.026,0.35143725188645464,0.6572,0.0,0.5415129151291513,18.989421219578535,1.435897435897436,0.92,-0.1541990474637084,0.4188191881918819,0.06273062730627306,36,70.6,177.0,2
mass_fault,9999,cbba,0.8666666666666667,157.30769230769232,0.026,0.3194705187287125,0.698,0.0,0.5612594113620808,18.01121054689856,1.5166666666666666,1.0,-0.5254278635158242,0.3483915126625599,0.1054072553045859,119,60.93333333333333,191.0,2
mass_fault,10,cbba,0.6666666666666666,138.3,0.02,0.3115500067210912,0.73,0.0,0.5591990713871154,22.914536022427534,1.7,0.98,0.35790265721030023,0.3244341265235055,0.138711549622751,60,63.4,133.0,5
mass_fault,20,cbba,0.9333333333333333,206.57142857142858,0.028,0.3568478189948347,0.6252,0.0,0.5949298813376483,17.118748095977224,1.5213675213675213,0.378,-0.43496455805515183,0.3149946062567422,0.13160733549083065,142,78.6,359.0,1
mass_fault,30,cbba,0.8666666666666667,149.84615384615384,0.026,0.3781427845889086,0.6976,0.0,0.5520094562647754,14.196805193060811,1.4491525423728813,0.922,-0.05850302702646824,0.18124507486209615,0.1024428684003152,1,45.06666666666667,92.0,2
mass_fault,40,cbba,0.8,184.75,0.024,0.3392721785861882,0.774,0.0,0.6075851393188855,17.045489589768476,1.8278688524590163,0.76,0.7577819706337995,0.3413312693498452,0.15170278637770898,268,59.4,336.0,3
mass_fault,50,cbba,1.0,154.86666666666667,0.03,0.35674275543455775,0.7657777777777778,0.0,0.5079225352112676,13.711913138539858,1.588785046728972,0.78,0.9749909411704469,0.2772887323943662,0.08450704225352113,7,52.333333333333336,108.0,0
mass_fault,60,cbba,0.7333333333333333,111.27272727272727,0.022,0.3253712491641102,0.7216,0.0,0.5869444444444445,20.841856362943805,1.7416666666666667,0.962,-0.24763006136649457,0.37222222222222223,0.13,222,65.46666666666667,157.0,4
mass_fault,70,cbba,1.0,152.46666666666667,0.03,0.4756439700822365,0.554945054945055,0.0,0.5421319796954315,12.10320356568216,1.6630434782608696,0.8653846153846154,-0.14441091703542347,0.08223350253807106,0.1319796954314721,5,57.0,208.0,0
mass_fault,80,cbba,0.8666666666666667,188.92307692307693,0.026,0.3162058869491626,0.7376,0.0,0.5841733870967742,18.83524949635555,1.5725806451612903,0.602,0.6467259669602704,0.30443548387096775,0.10383064516129033,111,61.666666666666664,225.0,2
mass_fault,90,cbba,1.0,178.06666666666666,0.03,0.385207058740784,0.6742014742014742,0.0,0.5822368421052632,13.585351463230948,2.076923076923077,0.8525798525798526,-0.37849239512243166,0.26535087719298245,0.13596491228070176,30,57.4,125.0,0
mass_fault,1000,cbba,0.7333333333333333,178.0909090909091,0.022,0.3345775064669395,0.7176,0.0,0.5739644970414202,19.995419292344057,1.6694915254237288,0.278,-0.5194920048374742,0.23905325443786982,0.14319526627218934,216,65.06666666666666,258.0,4
