scenario,seed,config_label,allocator,timeout,task_completion_rate,never_completed_tasks,mean_task_delay,max_task_delay,congestion_drop_rate,mean_completion_time,deadlock_timeout_fires
none,42,CBBA,cbba,30,0.9333333333333333,1,60.0,141.0,0.1267605633802817,148.07142857142858,0
none,100,CBBA,cbba,30,1.0,0,48.266666666666666,112.0,0.14414414414414414,116.66666666666667,0
none,2023,CBBA,cbba,30,0.9333333333333333,1,98.4,381.0,0.1141552511415525,194.92857142857142,0
none,888,CBBA,cbba,30,0.8666666666666667,2,86.33333333333333,331.0,0.0989010989010989,121.3076923076923,0
none,9999,CBBA,cbba,30,1.0,0,72.6,259.0,0.12234042553191489,165.46666666666667,0
none,10,CBBA,cbba,30,1.0,0,57.06666666666667,181.0,0.07228915662650602,132.73333333333332,0
none,20,CBBA,cbba,30,0.9333333333333333,1,92.06666666666666,360.0,0.09230769230769231,147.64285714285714,0
none,30,CBBA,cbba,30,1.0,0,64.33333333333333,143.0,0.12037037037037036,128.4,0
none,40,CBBA,cbba,30,0.9333333333333333,1,75.93333333333334,321.0,0.14049586776859505,170.42857142857142,0
none,50,CBBA,cbba,30,1.0,0,60.93333333333333,166.0,0.10606060606060606,122.06666666666666,0
none,60,CBBA,cbba,30,1.0,0,46.333333333333336,113.0,0.14556962025316456,113.26666666666667,0
none,70,CBBA,cbba,30,1.0,0,62.53333333333333,246.0,0.11627906976744186,128.46666666666667,0
none,80,CBBA,cbba,30,0.8666666666666667,2,93.86666666666666,340.0,0.11214953271028037,131.3846153846154,0
none,90,CBBA,cbba,30,1.0,0,48.0,114.0,0.125,124.0,0
none,1000,CBBA,cbba,30,0.8,3,67.13333333333334,264.0,0.13963963963963963,230.25,0
amv_loss,42,CBBA,cbba,30,0.7333333333333333,4,59.8,151.0,0.11442786069651742,137.45454545454547,0
amv_loss,100,CBBA,cbba,30,1.0,0,52.0,125.0,0.11510791366906475,127.06666666666666,0
amv_loss,2023,CBBA,cbba,30,0.9333333333333333,1,71.93333333333334,221.0,0.1285140562248996,208.28571428571428,0
amv_loss,888,CBBA,cbba,30,1.0,0,55.4,131.0,0.1276595744680851,167.46666666666667,0
amv_loss,9999,CBBA,cbba,30,0.9333333333333333,1,64.46666666666667,160.0,0.07526881720430108,203.71428571428572,0
amv_loss,10,CBBA,cbba,30,0.9333333333333333,1,72.46666666666667,425.0,0.043795620437956206,126.5,0
amv_loss,20,CBBA,cbba,30,0.9333333333333333,1,72.0,251.0,0.11386138613861387,150.57142857142858,0
amv_loss,30,CBBA,cbba,30,1.0,0,54.46666666666667,143.0,0.12149532710280374,128.06666666666666,0
amv_loss,40,CBBA,cbba,30,0.9333333333333333,1,67.2,166.0,0.10047846889952153,210.64285714285714,0
amv_loss,50,CBBA,cbba,30,1.0,0,56.46666666666667,216.0,0.1095890410958904,125.6,0
amv_loss,60,CBBA,cbba,30,0.9333333333333333,1,64.93333333333334,322.0,0.09950248756218906,110.85714285714286,0
amv_loss,70,CBBA,cbba,30,1.0,0,49.86666666666667,112.0,0.15384615384615385,112.4,0
amv_loss,80,CBBA,cbba,30,0.8666666666666667,2,70.2,271.0,0.1,137.92307692307693,0
amv_loss,90,CBBA,cbba,30,1.0,0,41.06666666666667,114.0,0.1092436974789916,121.0,0
amv_loss,1000,CBBA,cbba,30,0.8,3,76.2,250.0,0.1339712918660287,193.08333333333334,0
comm_blackout,42,CBBA,cbba,30,1.0,0,49.13333333333333,127.0,0.12,156.53333333333333,0
comm_blackout,100,CBBA,cbba,30,1.0,0,48.266666666666666,112.0,0.14414414414414414,116.66666666666667,0
comm_blackout,2023,CBBA,cbba,30,0.9333333333333333,1,90.0,259.0,0.11737089201877934,181.21428571428572,0
comm_blackout,888,CBBA,cbba,30,1.0,0,73.0,221.0,0.13736263736263737,159.93333333333334,0
comm_blackout,9999,CBBA,cbba,30,1.0,0,62.266666666666666,124.0,0.11764705882352941,151.06666666666666,0
comm_blackout,10,CBBA,cbba,30,1.0,0,57.06666666666667,181.0,0.07228915662650602,132.73333333333332,0
comm_blackout,20,CBBA,cbba,30,0.9333333333333333,1,84.46666666666667,366.0,0.10614525139664804,138.0,0
comm_blackout,30,CBBA,cbba,30,1.0,0,64.33333333333333,143.0,0.13392857142857142,128.4,0
comm_blackout,40,CBBA,cbba,30,0.9333333333333333,1,82.2,321.0,0.1031390134529148,180.85714285714286,0
comm_blackout,50,CBBA,cbba,30,1.0,0,50.46666666666667,132.0,0.11538461538461539,110.93333333333334,0
comm_blackout,60,CBBA,cbba,30,1.0,0,46.333333333333336,113.0,0.1456953642384106,107.73333333333333,0
comm_blackout,70,CBBA,cbba,30,1.0,0,62.666666666666664,254.0,0.11464968152866242,127.2,0
comm_blackout,80,CBBA,cbba,30,0.9333333333333333,1,71.93333333333334,276.0,0.10606060606060606,139.0,0
comm_blackout,90,CBBA,cbba,30,1.0,0,48.8,118.0,0.10091743119266056,125.13333333333334,0
comm_blackout,1000,CBBA,cbba,30,0.7333333333333333,4,69.06666666666666,222.0,0.12605042016806722,184.36363636363637,0
mass_fault,42,CBBA,cbba,30,1.0,0,45.86666666666667,116.0,0.17582417582417584,149.93333333333334,0
mass_fault,100,CBBA,cbba,30,1.0,0,69.8,300.0,0.1282051282051282,143.73333333333332,0
mass_fault,2023,CBBA,cbba,30,0.9333333333333333,1,97.8,341.0,0.11822660098522167,189.42857142857142,0
mass_fault,888,CBBA,cbba,30,1.0,0,57.8,157.0,0.13513513513513514,143.4,0
mass_fault,9999,CBBA,cbba,30,0.9333333333333333,1,78.4,251.0,0.10849056603773585,155.07142857142858,0
mass_fault,10,CBBA,cbba,30,1.0,0,63.86666666666667,184.0,0.11811023622047244,139.53333333333333,0
mass_fault,20,CBBA,cbba,30,1.0,0,63.53333333333333,175.0,0.1527777777777778,144.93333333333334,0
mass_fault,30,CBBA,cbba,30,1.0,0,71.93333333333334,166.0,0.12096774193548387,135.33333333333334,0
mass_fault,40,CBBA,cbba,30,0.8666666666666667,2,87.73333333333333,376.0,0.1148936170212766,163.46153846153845,0
mass_fault,50,CBBA,cbba,30,1.0,0,50.86666666666667,190.0,0.13675213675213677,114.0,0
mass_fault,60,CBBA,cbba,30,1.0,0,47.0,108.0,0.13793103448275862,111.2,0
mass_fault,70,CBBA,cbba,30,1.0,0,61.333333333333336,251.0,0.12650602409638553,122.46666666666667,0
mass_fault,80,CBBA,cbba,30,0.9333333333333333,1,73.26666666666667,276.0,0.125,137.42857142857142,0
mass_fault,90,CBBA,cbba,30,1.0,0,52.46666666666667,150.0,0.13836477987421383,134.93333333333334,0
mass_fault,1000,CBBA,cbba,30,0.8666666666666667,2,88.4,214.0,0.17446808510638298,200.69230769230768,0
none,42,Vanilla Auction,vanilla_auction,30,1.0,0,72.13333333333334,204.0,0.0,113.66666666666667,0
none,100,Vanilla Auction,vanilla_auction,30,1.0,0,72.66666666666667,199.0,0.0,117.53333333333333,0
none,2023,Vanilla Auction,vanilla_auction,30,1.0,0,76.0,203.0,0.0,124.13333333333334,0
none,888,Vanilla Auction,vanilla_auction,30,1.0,0,75.8,233.0,0.0,118.4,0
none,9999,Vanilla Auction,vanilla_auction,30,0.9333333333333333,1,102.73333333333333,233.0,0.0,147.64285714285714,0
none,10,Vanilla Auction,vanilla_auction,30,1.0,0,89.13333333333334,149.0,0.0,211.66666666666666,0
none,20,Vanilla Auction,vanilla_auction,30,1.0,0,81.06666666666666,211.0,0.0,136.66666666666666,0
none,30,Vanilla Auction,vanilla_auction,30,1.0,0,72.6,187.0,0.0,114.4,0
none,40,Vanilla Auction,vanilla_auction,30,0.9333333333333333,1,86.33333333333333,391.0,0.0,98.42857142857143,0
none,50,Vanilla Auction,vanilla_auction,30,1.0,0,71.6,181.0,0.0,116.2,0
none,60,Vanilla Auction,vanilla_auction,30,1.0,0,73.06666666666666,248.0,0.0,97.4,0
none,70,Vanilla Auction,vanilla_auction,30,1.0,0,65.26666666666667,147.0,0.0,106.2,0
none,80,Vanilla Auction,vanilla_auction,30,0.9333333333333333,1,87.66666666666667,291.0,0.0,121.0,0
none,90,Vanilla Auction,vanilla_auction,30,1.0,0,77.26666666666667,193.0,0.0,131.06666666666666,0
none,1000,Vanilla Auction,vanilla_auction,30,0.9333333333333333,1,95.46666666666667,261.0,0.0,126.42857142857143,0
amv_loss,42,Vanilla Auction,vanilla_auction,30,0.8666666666666667,2,113.53333333333333,428.0,0.0,101.84615384615384,0
amv_loss,100,Vanilla Auction,vanilla_auction,30,0.8666666666666667,2,106.66666666666667,435.0,0.0,97.76923076923077,0
amv_loss,2023,Vanilla Auction,vanilla_auction,30,0.8666666666666667,2,106.93333333333334,463.0,0.0,103.38461538461539,0
amv_loss,888,Vanilla Auction,vanilla_auction,30,0.8666666666666667,2,114.33333333333333,452.0,0.0,104.76923076923077,0
amv_loss,9999,Vanilla Auction,vanilla_auction,30,0.8,3,131.2,390.0,0.0,126.0,0
amv_loss,10,Vanilla Auction,vanilla_auction,30,0.6666666666666666,5,122.66666666666667,461.0,0.0,206.3,0
amv_loss,20,Vanilla Auction,vanilla_auction,30,0.8666666666666667,2,119.4,452.0,0.0,133.30769230769232,0
amv_loss,30,Vanilla Auction,vanilla_auction,30,0.8666666666666667,2,110.2,429.0,0.0,98.3076923076923,0
amv_loss,40,Vanilla Auction,vanilla_auction,30,0.8,3,120.2,419.0,0.0,73.66666666666667,0
amv_loss,50,Vanilla Auction,vanilla_auction,30,0.8666666666666667,2,107.33333333333333,439.0,0.0,98.23076923076923,0
amv_loss,60,Vanilla Auction,vanilla_auction,30,0.9333333333333333,1,88.06666666666666,443.0,0.0,84.64285714285714,0
amv_loss,70,Vanilla Auction,vanilla_auction,30,0.9333333333333333,1,96.4,455.0,0.0,111.35714285714286,0
amv_loss,80,Vanilla Auction,vanilla_auction,30,0.7333333333333333,4,151.86666666666667,449.0,0.0,111.72727272727273,0
amv_loss,90,Vanilla Auction,vanilla_auction,30,0.8666666666666667,2,111.53333333333333,456.0,0.0,119.84615384615384,0
amv_loss,1000,Vanilla Auction,vanilla_auction,30,0.8666666666666667,2,113.93333333333334,456.0,0.0,118.15384615384616,0
comm_blackout,42,Vanilla Auction,vanilla_auction,30,1.0,0,72.13333333333334,204.0,0.0,113.66666666666667,0
comm_blackout,100,Vanilla Auction,vanilla_auction,30,1.0,0,72.66666666666667,199.0,0.0,117.53333333333333,0
comm_blackout,2023,Vanilla Auction,vanilla_auction,30,1.0,0,76.0,203.0,0.0,124.13333333333334,0
comm_blackout,888,Vanilla Auction,vanilla_auction,30,1.0,0,75.8,233.0,0.0,118.4,0
comm_blackout,9999,Vanilla Auction,vanilla_auction,30,0.9333333333333333,1,102.73333333333333,233.0,0.0,147.64285714285714,0
comm_blackout,10,Vanilla Auction,vanilla_auction,30,1.0,0,89.13333333333334,149.0,0.0,211.66666666666666,0
comm_blackout,20,Vanilla Auction,vanilla_auction,30,1.0,0,81.06666666666666,211.0,0.0,136.66666666666666,0
comm_blackout,30,Vanilla Auction,vanilla_auction,30,1.0,0,72.6,187.0,0.0,114.4,0
comm_blackout,40,Vanilla Auction,vanilla_auction,30,0.9333333333333333,1,86.33333333333333,391.0,0.0,98.42857142857143,0
comm_blackout,50,Vanilla Auction,vanilla_auction,30,1.0,0,71.6,181.0,0.0,116.2,0
comm_blackout,60,Vanilla Auction,vanilla_auction,30,1.0,0,73.06666666666666,248.0,0.0,97.4,0
comm_blackout,70,Vanilla Auction,vanilla_auction,30,1.0,0,65.26666666666667,147.0,0.0,106.2,0
comm_blackout,80,Vanilla Auction,vanilla_auction,30,0.9333333333333333,1,87.66666666666667,291.0,0.0,121.0,0
comm_blackout,90,Vanilla Auction,vanilla_auction,30,1.0,0,77.26666666666667,193.0,0.0,131.06666666666666,0
comm_blackout,1000,Vanilla Auction,vanilla_auction,30,0.9333333333333333,1,95.46666666666667,261.0,0.0,126.42857142857143,0
mass_fault,42,Vanilla Auction,vanilla_auction,30,1.0,0,77.93333333333334,214.0,0.0,119.46666666666667,0
mass_fault,100,Vanilla Auction,vanilla_auction,30,1.0,0,74.73333333333333,211.0,0.0,119.6,0
mass_fault,2023,Vanilla Auction,vanilla_auction,30,1.0,0,77.66666666666667,210.0,0.0,125.8,0
mass_fault,888,Vanilla Auction,vanilla_auction,30,1.0,0,76.73333333333333,219.0,0.0,120.0,0
mass_fault,9999,Vanilla Auction,vanilla_auction,30,0.9333333333333333,1,103.93333333333334,233.0,0.0,149.64285714285714,0
mass_fault,10,Vanilla Auction,vanilla_auction,30,1.0,0,89.73333333333333,150.0,0.0,210.06666666666666,0
mass_fault,20,Vanilla Auction,vanilla_auction,30,1.0,0,77.53333333333333,203.0,0.0,133.8,0
mass_fault,30,Vanilla Auction,vanilla_auction,30,1.0,0,74.33333333333333,189.0,0.0,116.13333333333334,0
mass_fault,40,Vanilla Auction,vanilla_auction,30,0.9333333333333333,1,87.46666666666667,391.0,0.0,99.64285714285714,0
mass_fault,50,Vanilla Auction,vanilla_auction,30,1.0,0,69.53333333333333,142.0,0.0,114.8,0
mass_fault,60,Vanilla Auction,vanilla_auction,30,1.0,0,73.73333333333333,253.0,0.0,98.06666666666666,0
mass_fault,70,Vanilla Auction,vanilla_auction,30,1.0,0,69.86666666666666,175.0,0.0,110.8,0
mass_fault,80,Vanilla Auction,vanilla_auction,30,0.9333333333333333,1,88.66666666666667,291.0,0.0,122.07142857142857,0
mass_fault,90,Vanilla Auction,vanilla_auction,30,1.0,0,79.46666666666667,199.0,0.0,133.26666666666668,0
mass_fault,1000,Vanilla Auction,vanilla_auction,30,0.9333333333333333,1,98.0,419.0,0.0,128.42857142857142,0
none,42,Proposed (K=15),auction,15,1.0,0,74.73333333333333,179.0,0.004793863854266539,139.4,0
none,100,Proposed (K=15),auction,15,1.0,0,68.53333333333333,204.0,0.01888888888888889,142.26666666666668,0
none,2023,Proposed (K=15),auction,15,1.0,0,82.4,208.0,0.00841908325537886,170.73333333333332,0
none,888,Proposed (K=15),auction,15,1.0,0,68.6,159.0,0.006289308176100629,135.93333333333334,0
none,9999,Proposed (K=15),auction,15,0.7333333333333333,4,55.666666666666664,129.0,0.021291696238467,157.45454545454547,0
none,10,Proposed (K=15),auction,15,0.9333333333333333,1,82.8,196.0,0.005434782608695652,251.5,0
none,20,Proposed (K=15),auction,15,0.9333333333333333,1,75.8,262.0,0.011636363636363636,152.21428571428572,0
none,30,Proposed (K=15),auction,15,1.0,0,74.06666666666666,185.0,0.009072580645161291,143.6,0
none,40,Proposed (K=15),auction,15,1.0,0,70.4,218.0,0.005025125628140704,135.8,0
none,50,Proposed (K=15),auction,15,1.0,0,59.266666666666666,145.0,0.006420545746388443,104.6,0
none,60,Proposed (K=15),auction,15,1.0,0,42.266666666666666,130.0,0.012727272727272728,71.8,0
none,70,Proposed (K=15),auction,15,0.8666666666666667,2,99.8,305.0,0.011652748106428433,112.42857142857143,0
none,80,Proposed (K=15),auction,15,0.8,3,80.46666666666667,176.0,0.008035062089116142,122.6923076923077,0
none,90,Proposed (K=15),auction,15,1.0,0,81.33333333333333,199.0,0.0021164021164021165,170.2,0
none,1000,Proposed (K=15),auction,15,1.0,0,74.0,171.0,0.0071301247771836,151.26666666666668,0
amv_loss,42,Proposed (K=15),auction,15,0.8666666666666667,2,55.8,165.0,0.003115264797507788,128.76923076923077,0
amv_loss,100,Proposed (K=15),auction,15,1.0,0,60.733333333333334,172.0,0.0020768431983385254,132.13333333333333,0
amv_loss,2023,Proposed (K=15),auction,15,0.8666666666666667,2,63.6,147.0,0.0,155.23076923076923,0
amv_loss,888,Proposed (K=15),auction,15,0.9333333333333333,1,72.2,238.0,0.0023287405394915583,138.14285714285714,0
amv_loss,9999,Proposed (K=15),auction,15,0.6666666666666666,5,53.93333333333333,209.0,0.003885003885003885,139.9,0
amv_loss,10,Proposed (K=15),auction,15,0.8,3,76.2,183.0,0.004765687053216839,237.33333333333334,0
amv_loss,20,Proposed (K=15),auction,15,0.8666666666666667,2,68.8,279.0,0.00234375,138.84615384615384,0
amv_loss,30,Proposed (K=15),auction,15,1.0,0,67.46666666666667,199.0,0.0012706480304955528,131.86666666666667,0
amv_loss,40,Proposed (K=15),auction,15,0.8666666666666667,2,58.13333333333333,169.0,0.004542013626040878,140.6153846153846,0
amv_loss,50,Proposed (K=15),auction,15,1.0,0,64.66666666666667,146.0,0.004748338081671415,118.33333333333333,0
amv_loss,60,Proposed (K=15),auction,15,0.9333333333333333,1,66.86666666666666,327.0,0.006971340046475601,62.57142857142857,0
amv_loss,70,Proposed (K=15),auction,15,0.8666666666666667,2,78.93333333333334,281.0,0.014095536413469069,107.92307692307692,0
amv_loss,80,Proposed (K=15),auction,15,0.8666666666666667,2,75.46666666666667,220.0,0.00315955766192733,149.6153846153846,0
amv_loss,90,Proposed (K=15),auction,15,1.0,0,78.2,200.0,0.001755926251097454,189.2,0
amv_loss,1000,Proposed (K=15),auction,15,0.9333333333333333,1,70.53333333333333,202.0,0.0015267175572519084,148.92857142857142,0
comm_blackout,42,Proposed (K=15),auction,15,1.0,0,75.93333333333334,180.0,0.011304347826086957,144.26666666666668,0
comm_blackout,100,Proposed (K=15),auction,15,1.0,0,69.33333333333333,180.0,0.007329842931937173,140.6,0
comm_blackout,2023,Proposed (K=15),auction,15,1.0,0,79.46666666666667,215.0,0.0050645733096986575,158.26666666666668,0
comm_blackout,888,Proposed (K=15),auction,15,1.0,0,67.33333333333333,178.0,0.004658385093167702,123.46666666666667,0
comm_blackout,9999,Proposed (K=15),auction,15,0.6666666666666666,5,60.86666666666667,165.0,0.016428571428571428,137.8,0
comm_blackout,10,Proposed (K=15),auction,15,0.9333333333333333,1,81.66666666666667,214.0,0.007836990595611285,257.85714285714283,0
comm_blackout,20,Proposed (K=15),auction,15,1.0,0,77.2,195.0,0.005050505050505051,147.66666666666666,0
comm_blackout,30,Proposed (K=15),auction,15,1.0,0,84.4,213.0,0.006560449859418931,150.33333333333334,0
comm_blackout,40,Proposed (K=15),auction,15,1.0,0,66.46666666666667,164.0,0.01053864168618267,126.53333333333333,0
comm_blackout,50,Proposed (K=15),auction,15,1.0,0,59.266666666666666,145.0,0.006420545746388443,104.6,0
comm_blackout,60,Proposed (K=15),auction,15,1.0,0,42.266666666666666,130.0,0.012727272727272728,71.8,0
comm_blackout,70,Proposed (K=15),auction,15,0.9333333333333333,1,85.33333333333333,214.0,0.016803513461905673,126.14285714285714,0
comm_blackout,80,Proposed (K=15),auction,15,0.9333333333333333,1,79.6,232.0,0.012279355333844973,132.14285714285714,0
comm_blackout,90,Proposed (K=15),auction,15,1.0,0,84.26666666666667,239.0,0.00513347022587269,174.4,0
comm_blackout,1000,Proposed (K=15),auction,15,0.9333333333333333,1,77.13333333333334,168.0,0.005422153369481022,136.35714285714286,0
mass_fault,42,Proposed (K=15),auction,15,1.0,0,75.73333333333333,232.0,0.013211382113821139,133.13333333333333,0
mass_fault,100,Proposed (K=15),auction,15,0.9333333333333333,1,77.53333333333333,207.0,0.015753938484621154,128.92857142857142,0
mass_fault,2023,Proposed (K=15),auction,15,0.8666666666666667,2,88.26666666666667,184.0,0.006726457399103139,134.53846153846155,0
mass_fault,888,Proposed (K=15),auction,15,1.0,0,67.66666666666667,187.0,0.00984009840098401,138.4,0
mass_fault,9999,Proposed (K=15),auction,15,0.6666666666666666,5,43.733333333333334,129.0,0.013323464100666173,146.5,0
mass_fault,10,Proposed (K=15),auction,15,0.9333333333333333,1,81.0,183.0,0.008787989747345295,262.14285714285717,0
mass_fault,20,Proposed (K=15),auction,15,1.0,0,76.53333333333333,241.0,0.010648596321393998,146.06666666666666,0
mass_fault,30,Proposed (K=15),auction,15,0.9333333333333333,1,79.66666666666667,285.0,0.008928571428571428,127.42857142857143,0
mass_fault,40,Proposed (K=15),auction,15,0.9333333333333333,1,76.46666666666667,205.0,0.013264554163596167,115.35714285714286,0
mass_fault,50,Proposed (K=15),auction,15,1.0,0,60.266666666666666,152.0,0.006033182503770739,106.06666666666666,0
mass_fault,60,Proposed (K=15),auction,15,1.0,0,43.13333333333333,136.0,0.01090909090909091,72.66666666666667,0
mass_fault,70,Proposed (K=15),auction,15,1.0,0,81.2,270.0,0.014820592823712949,126.46666666666667,0
mass_fault,80,Proposed (K=15),auction,15,0.9333333333333333,1,79.73333333333333,268.0,0.0062063615205585725,140.07142857142858,0
mass_fault,90,Proposed (K=15),auction,15,1.0,0,80.8,194.0,0.005268703898840885,173.46666666666667,0
mass_fault,1000,Proposed (K=15),auction,15,0.9333333333333333,1,77.66666666666667,203.0,0.0038402457757296467,132.85714285714286,0
none,42,Proposed (K=20),auction,20,1.0,0,74.73333333333333,179.0,0.004793863854266539,139.4,0
none,100,Proposed (K=20),auction,20,1.0,0,68.53333333333333,204.0,0.01888888888888889,142.26666666666668,0
none,2023,Proposed (K=20),auction,20,1.0,0,82.4,208.0,0.00841908325537886,170.73333333333332,0
none,888,Proposed (K=20),auction,20,1.0,0,68.6,159.0,0.006289308176100629,135.93333333333334,0
none,9999,Proposed (K=20),auction,20,0.7333333333333333,4,55.666666666666664,129.0,0.021291696238467,157.45454545454547,0
none,10,Proposed (K=20),auction,20,0.9333333333333333,1,82.8,196.0,0.005434782608695652,251.5,0
none,20,Proposed (K=20),auction,20,0.9333333333333333,1,75.8,262.0,0.011636363636363636,152.21428571428572,0
none,30,Proposed (K=20),auction,20,1.0,0,74.06666666666666,185.0,0.009072580645161291,143.6,0
none,40,Proposed (K=20),auction,20,1.0,0,70.4,218.0,0.005025125628140704,135.8,0
none,50,Proposed (K=20),auction,20,1.0,0,59.266666666666666,145.0,0.006420545746388443,104.6,0
none,60,Proposed (K=20),auction,20,1.0,0,42.266666666666666,130.0,0.012727272727272728,71.8,0
none,70,Proposed (K=20),auction,20,0.8666666666666667,2,99.8,305.0,0.011652748106428433,112.42857142857143,0
none,80,Proposed (K=20),auction,20,0.8,3,80.46666666666667,176.0,0.008035062089116142,122.6923076923077,0
none,90,Proposed (K=20),auction,20,1.0,0,81.33333333333333,199.0,0.0021164021164021165,170.2,0
none,1000,Proposed (K=20),auction,20,1.0,0,74.0,171.0,0.0071301247771836,151.26666666666668,0
amv_loss,42,Proposed (K=20),auction,20,0.8666666666666667,2,55.8,165.0,0.003115264797507788,128.76923076923077,0
amv_loss,100,Proposed (K=20),auction,20,1.0,0,60.733333333333334,172.0,0.0020768431983385254,132.13333333333333,0
amv_loss,2023,Proposed (K=20),auction,20,0.8666666666666667,2,63.6,147.0,0.0,155.23076923076923,0
amv_loss,888,Proposed (K=20),auction,20,0.9333333333333333,1,72.2,238.0,0.0023287405394915583,138.14285714285714,0
amv_loss,9999,Proposed (K=20),auction,20,0.6666666666666666,5,53.93333333333333,209.0,0.003885003885003885,139.9,0
amv_loss,10,Proposed (K=20),auction,20,0.8,3,76.2,183.0,0.004765687053216839,237.33333333333334,0
amv_loss,20,Proposed (K=20),auction,20,0.8666666666666667,2,68.8,279.0,0.00234375,138.84615384615384,0
amv_loss,30,Proposed (K=20),auction,20,1.0,0,67.46666666666667,199.0,0.0012706480304955528,131.86666666666667,0
amv_loss,40,Proposed (K=20),auction,20,0.8666666666666667,2,58.13333333333333,169.0,0.004542013626040878,140.6153846153846,0
amv_loss,50,Proposed (K=20),auction,20,1.0,0,64.66666666666667,146.0,0.004748338081671415,118.33333333333333,0
amv_loss,60,Proposed (K=20),auction,20,0.9333333333333333,1,66.86666666666666,327.0,0.006971340046475601,62.57142857142857,0
amv_loss,70,Proposed (K=20),auction,20,0.8666666666666667,2,78.93333333333334,281.0,0.014095536413469069,107.92307692307692,0
amv_loss,80,Proposed (K=20),auction,20,0.8666666666666667,2,75.46666666666667,220.0,0.00315955766192733,149.6153846153846,0
amv_loss,90,Proposed (K=20),auction,20,1.0,0,78.2,200.0,0.001755926251097454,189.2,0
amv_loss,1000,Proposed (K=20),auction,20,0.9333333333333333,1,70.53333333333333,202.0,0.0015267175572519084,148.92857142857142,0
comm_blackout,42,Proposed (K=20),auction,20,1.0,0,75.93333333333334,180.0,0.011304347826086957,144.26666666666668,0
comm_blackout,100,Proposed (K=20),auction,20,1.0,0,69.33333333333333,180.0,0.007329842931937173,140.6,0
comm_blackout,2023,Proposed (K=20),auction,20,1.0,0,79.46666666666667,215.0,0.0050645733096986575,158.26666666666668,0
comm_blackout,888,Proposed (K=20),auction,20,1.0,0,67.33333333333333,178.0,0.004658385093167702,123.46666666666667,0
comm_blackout,9999,Proposed (K=20),auction,20,0.6666666666666666,5,60.86666666666667,165.0,0.016428571428571428,137.8,0
comm_blackout,10,Proposed (K=20),auction,20,0.9333333333333333,1,81.66666666666667,214.0,0.007836990595611285,257.85714285714283,0
comm_blackout,20,Proposed (K=20),auction,20,1.0,0,77.2,195.0,0.005050505050505051,147.66666666666666,0
comm_blackout,30,Proposed (K=20),auction,20,1.0,0,84.4,213.0,0.006560449859418931,150.33333333333334,0
comm_blackout,40,Proposed (K=20),auction,20,1.0,0,66.46666666666667,164.0,0.01053864168618267,126.53333333333333,0
comm_blackout,50,Proposed (K=20),auction,20,1.0,0,59.266666666666666,145.0,0.006420545746388443,104.6,0
comm_blackout,60,Proposed (K=20),auction,20,1.0,0,42.266666666666666,130.0,0.012727272727272728,71.8,0
comm_blackout,70,Proposed (K=20),auction,20,0.9333333333333333,1,85.33333333333333,214.0,0.016803513461905673,126.14285714285714,0
comm_blackout,80,Proposed (K=20),auction,20,0.9333333333333333,1,79.6,232.0,0.012279355333844973,132.14285714285714,0
comm_blackout,90,Proposed (K=20),auction,20,1.0,0,84.26666666666667,239.0,0.00513347022587269,174.4,0
comm_blackout,1000,Proposed (K=20),auction,20,0.9333333333333333,1,77.13333333333334,168.0,0.005422153369481022,136.35714285714286,0
mass_fault,42,Proposed (K=20),auction,20,1.0,0,75.73333333333333,232.0,0.013211382113821139,133.13333333333333,0
mass_fault,100,Proposed (K=20),auction,20,0.9333333333333333,1,77.53333333333333,207.0,0.015753938484621154,128.92857142857142,0
mass_fault,2023,Proposed (K=20),auction,20,0.8666666666666667,2,88.26666666666667,184.0,0.006726457399103139,134.53846153846155,0
mass_fault,888,Proposed (K=20),auction,20,1.0,0,67.66666666666667,187.0,0.00984009840098401,138.4,0
mass_fault,9999,Proposed (K=20),auction,20,0.6666666666666666,5,43.733333333333334,129.0,0.013323464100666173,146.5,0
mass_fault,10,Proposed (K=20),auction,20,0.9333333333333333,1,81.0,183.0,0.008787989747345295,262.14285714285717,0
mass_fault,20,Proposed (K=20),auction,20,1.0,0,76.53333333333333,241.0,0.010648596321393998,146.06666666666666,0
mass_fault,30,Proposed (K=20),auction,20,0.9333333333333333,1,79.66666666666667,285.0,0.008928571428571428,127.42857142857143,0
mass_fault,40,Proposed (K=20),auction,20,0.9333333333333333,1,76.46666666666667,205.0,0.013264554163596167,115.35714285714286,0
mass_fault,50,Proposed (K=20),auction,20,1.0,0,60.266666666666666,152.0,0.006033182503770739,106.06666666666666,0
mass_fault,60,Proposed (K=20),auction,20,1.0,0,43.13333333333333,136.0,0.01090909090909091,72.66666666666667,0
mass_fault,70,Proposed (K=20),auction,20,1.0,0,81.2,270.0,0.014820592823712949,126.46666666666667,0
mass_fault,80,Proposed (K=20),auction,20,0.9333333333333333,1,79.73333333333333,268.0,0.0062063615205585725,140.07142857142858,0
mass_fault,90,Proposed (K=20),auction,20,1.0,0,80.8,194.0,0.005268703898840885,173.46666666666667,0
mass_fault,1000,Proposed (K=20),auction,20,0.9333333333333333,1,77.66666666666667,203.0,0.0038402457757296467,132.85714285714286,0
none,42,Proposed (K=30),auction,30,1.0,0,74.73333333333333,179.0,0.004793863854266539,139.4,0
none,100,Proposed (K=30),auction,30,1.0,0,68.53333333333333,204.0,0.01888888888888889,142.26666666666668,0
none,2023,Proposed (K=30),auction,30,1.0,0,82.4,208.0,0.00841908325537886,170.73333333333332,0
none,888,Proposed (K=30),auction,30,1.0,0,68.6,159.0,0.006289308176100629,135.93333333333334,0
none,9999,Proposed (K=30),auction,30,0.7333333333333333,4,55.666666666666664,129.0,0.021291696238467,157.45454545454547,0
none,10,Proposed (K=30),auction,30,0.9333333333333333,1,82.8,196.0,0.005434782608695652,251.5,0
none,20,Proposed (K=30),auction,30,0.9333333333333333,1,75.8,262.0,0.011636363636363636,152.21428571428572,0
none,30,Proposed (K=30),auction,30,1.0,0,74.06666666666666,185.0,0.009072580645161291,143.6,0
none,40,Proposed (K=30),auction,30,1.0,0,70.4,218.0,0.005025125628140704,135.8,0
none,50,Proposed (K=30),auction,30,1.0,0,59.266666666666666,145.0,0.006420545746388443,104.6,0
none,60,Proposed (K=30),auction,30,1.0,0,42.266666666666666,130.0,0.012727272727272728,71.8,0
none,70,Proposed (K=30),auction,30,0.8666666666666667,2,99.8,305.0,0.011652748106428433,112.42857142857143,0
none,80,Proposed (K=30),auction,30,0.8,3,80.46666666666667,176.0,0.008035062089116142,122.6923076923077,0
none,90,Proposed (K=30),auction,30,1.0,0,81.33333333333333,199.0,0.0021164021164021165,170.2,0
none,1000,Proposed (K=30),auction,30,1.0,0,74.0,171.0,0.0071301247771836,151.26666666666668,0
amv_loss,42,Proposed (K=30),auction,30,0.8666666666666667,2,55.8,165.0,0.003115264797507788,128.76923076923077,0
amv_loss,100,Proposed (K=30),auction,30,1.0,0,60.733333333333334,172.0,0.0020768431983385254,132.13333333333333,0
amv_loss,2023,Proposed (K=30),auction,30,0.8666666666666667,2,63.6,147.0,0.0,155.23076923076923,0
amv_loss,888,Proposed (K=30),auction,30,0.9333333333333333,1,72.2,238.0,0.0023287405394915583,138.14285714285714,0
amv_loss,9999,Proposed (K=30),auction,30,0.6666666666666666,5,53.93333333333333,209.0,0.003885003885003885,139.9,0
amv_loss,10,Proposed (K=30),auction,30,0.8,3,76.2,183.0,0.004765687053216839,237.33333333333334,0
amv_loss,20,Proposed (K=30),auction,30,0.8666666666666667,2,68.8,279.0,0.00234375,138.84615384615384,0
amv_loss,30,Proposed (K=30),auction,30,1.0,0,67.46666666666667,199.0,0.0012706480304955528,131.86666666666667,0
amv_loss,40,Proposed (K=30),auction,30,0.8666666666666667,2,58.13333333333333,169.0,0.004542013626040878,140.6153846153846,0
amv_loss,50,Proposed (K=30),auction,30,1.0,0,64.66666666666667,146.0,0.004748338081671415,118.33333333333333,0
amv_loss,60,Proposed (K=30),auction,30,0.9333333333333333,1,66.86666666666666,327.0,0.006971340046475601,62.57142857142857,0
amv_loss,70,Proposed (K=30),auction,30,0.8666666666666667,2,78.93333333333334,281.0,0.014095536413469069,107.92307692307692,0
amv_loss,80,Proposed (K=30),auction,30,0.8666666666666667,2,75.46666666666667,220.0,0.00315955766192733,149.6153846153846,0
amv_loss,90,Proposed (K=30),auction,30,1.0,0,78.2,200.0,0.001755926251097454,189.2,0
amv_loss,1000,Proposed (K=30),auction,30,0.9333333333333333,1,70.53333333333333,202.0,0.0015267175572519084,148.92857142857142,0
comm_blackout,42,Proposed (K=30),auction,30,1.0,0,75.93333333333334,180.0,0.011304347826086957,144.26666666666668,0
comm_blackout,100,Proposed (K=30),auction,30,1.0,0,69.33333333333333,180.0,0.007329842931937173,140.6,0
comm_blackout,2023,Proposed (K=30),auction,30,1.0,0,79.46666666666667,215.0,0.0050645733096986575,158.26666666666668,0
comm_blackout,888,Proposed (K=30),auction,30,1.0,0,67.33333333333333,178.0,0.004658385093167702,123.46666666666667,0
comm_blackout,9999,Proposed (K=30),auction,30,0.6666666666666666,5,60.86666666666667,165.0,0.016428571428571428,137.8,0
comm_blackout,10,Proposed (K=30),auction,30,0.9333333333333333,1,81.66666666666667,214.0,0.007836990595611285,257.85714285714283,0
comm_blackout,20,Proposed (K=30),auction,30,1.0,0,77.2,195.0,0.005050505050505051,147.66666666666666,0
comm_blackout,30,Proposed (K=30),auction,30,1.0,0,84.4,213.0,0.006560449859418931,150.33333333333334,0
comm_blackout,40,Proposed (K=30),auction,30,1.0,0,66.46666666666667,164.0,0.01053864168618267,126.53333333333333,0
comm_blackout,50,Proposed (K=30),auction,30,1.0,0,59.266666666666666,145.0,0.006420545746388443,104.6,0
comm_blackout,60,Proposed (K=30),auction,30,1.0,0,42.266666666666666,130.0,0.012727272727272728,71.8,0
comm_blackout,70,Proposed (K=30),auction,30,0.9333333333333333,1,85.33333333333333,214.0,0.016803513461905673,126.14285714285714,0
comm_blackout,80,Proposed (K=30),auction,30,0.9333333333333333,1,79.6,232.0,0.012279355333844973,132.14285714285714,0
comm_blackout,90,Proposed (K=30),auction,30,1.0,0,84.26666666666667,239.0,0.00513347022587269,174.4,0
comm_blackout,1000,Proposed (K=30),auction,30,0.9333333333333333,1,77.13333333333334,168.0,0.005422153369481022,136.35714285714286,0
mass_fault,42,Proposed (K=30),auction,30,1.0,0,75.73333333333333,232.0,0.013211382113821139,133.13333333333333,0
mass_fault,100,Proposed (K=30),auction,30,0.9333333333333333,1,77.53333333333333,207.0,0.015753938484621154,128.92857142857142,0
mass_fault,2023,Proposed (K=30),auction,30,0.8666666666666667,2,88.26666666666667,184.0,0.006726457399103139,134.53846153846155,0
mass_fault,888,Proposed (K=30),auction,30,1.0,0,67.66666666666667,187.0,0.00984009840098401,138.4,0
mass_fault,9999,Proposed (K=30),auction,30,0.6666666666666666,5,43.733333333333334,129.0,0.013323464100666173,146.5,0
mass_fault,10,Proposed (K=30),auction,30,0.9333333333333333,1,81.0,183.0,0.008787989747345295,262.14285714285717,0
mass_fault,20,Proposed (K=30),auction,30,1.0,0,76.53333333333333,241.0,0.010648596321393998,146.06666666666666,0
mass_fault,30,Proposed (K=30),auction,30,0.9333333333333333,1,79.66666666666667,285.0,0.008928571428571428,127.42857142857143,0
mass_fault,40,Proposed (K=30),auction,30,0.9333333333333333,1,76.46666666666667,205.0,0.013264554163596167,115.35714285714286,0
mass_fault,50,Proposed (K=30),auction,30,1.0,0,60.266666666666666,152.0,0.006033182503770739,106.06666666666666,0
mass_fault,60,Proposed (K=30),auction,30,1.0,0,43.13333333333333,136.0,0.01090909090909091,72.66666666666667,0
mass_fault,70,Proposed (K=30),auction,30,1.0,0,81.2,270.0,0.014820592823712949,126.46666666666667,0
mass_fault,80,Proposed (K=30),auction,30,0.9333333333333333,1,79.73333333333333,268.0,0.0062063615205585725,140.07142857142858,0
mass_fault,90,Proposed (K=30),auction,30,1.0,0,80.8,194.0,0.005268703898840885,173.46666666666667,0
mass_fault,1000,Proposed (K=30),auction,30,0.9333333333333333,1,77.66666666666667,203.0,0.0038402457757296467,132.85714285714286,0
